{
    "LEF_transition_rates": {
        "21": {
            "A": 0.013310075941015118
        },
        "23": {
            "A": 0.024719984051974914
        },
        "12": {
            "A": 0.013888888888888888
        },
        "32": {
            "A": 0.007435368004473696
        },
        "34": {
            "A": 0.006849026537430396
        },
        "43": {
            "A": 0.013049066558222196
        }
    },
    "LEF_states": {
        "RN": 1,
        "RB": 2,
        "RP": 3,
        "RW": 4
    },
    "LEF_on_rate": {
        "A": 0.002259554240849335
    },
    "LEF_off_rate": {
        "A": 0.009176225234619396
    },
    "LEF_stalled_off_rate": {
        "A": 0.009176225234619396
    }
}