{
    "CTCF_facestall": {
        "A": 1.0
    },
    "CTCF_backstall": {
        "A": 0
    },
    "CTCF_on_rate": {
        "A": 0.1
    },
    "CTCF_off_rate": {
        "A": 0.001
    },
    "LEF_on_rate": {
        "A": 0.0022593860306934594
    },
    "LEF_off_rate": {
        "A": 0.009176225234619396
    },
    "LEF_stalled_off_rate": {
        "A": 0.009176225234619396
    },
    "LEF_diffusion_rate": {
        "A": 0
    },
    "LEF_pause": {
        "A": 0
    },
    "LEF_states": {
        "RN": 1,
        "RB": 2,
        "RP": 3,
        "RW": 4
    },
    "LEF_transition_rates": {
        "21": {
            "A": 0.013309085086311
        },
        "23": {
            "A": 0.02471618211455155
        },
        "12": {
            "A": 0.013888888888888888
        },
        "32": {
            "A": 0.007435368004473696
        },
        "34": {
            "A": 0.006849888747852237
        },
        "43": {
            "A": 0.013047059609739405
        }
    },
    "LEF_separation": 30,
    "mode": "symmetric",
    "sites_per_monomer": 1,
    "monomers_per_replica": 200000,
    "number_of_replica": 1,
    "steps": 10000,
    "dummy_steps": 0,
    "velocity_multiplier": 0.7730182142157006,
    "3D_to_1D_steps": 250
}